,Unnamed: 0,subreddit_id,post_id,sentence_id,disease,sentence,Anxious_Mood,Autonomic_symptoms,Cardiovascular_symptoms,Catatonic_behavior,Decreased_energy_tiredness_fatigue,Depressed_Mood,Gastrointestinal_symptoms,Genitourinary_symptoms,Hyperactivity_agitation,Impulsivity,Inattention,Indecisiveness,Respiratory_symptoms,Suicidal_ideas,Worthlessness_and_guilty,avoidance_of_stimuli,compensatory_behaviors_to_prevent_weight_gain,compulsions,diminished_emotional_expression,do_things_easily_get_painful_consequences,drastical_shift_in_mood_and_energy,fear_about_social_situations,fear_of_gaining_weight,fears_of_being_negatively_evaluated,flight_of_ideas,intrusion_symptoms,loss_of_interest_or_motivation,more_talktive,obsession,panic_fear,pessimism,poor_memory,sleep_disturbance,somatic_muscle,somatic_symptoms_others,somatic_symptoms_sensory,weight_and_appetite_change,Anger_Irritability,uncertain,type,classification,Generate_Text
0,0,0,48,5,adhd,There are times when I'm working on something I'm really interested in where I absolutely cannot stop or be interrupted until I am finished.,0,0,0,-1,-1,0,0,-1,0,0,0,0,0,0,0,0,-1,0,0,0,0,-1,0,-1,-1,0,-1,1,0,0,0,0,0,0,0,0,-1,0,0.0,train,0,"(""As a psychologist with 20 years of experience in the field of mental disorders, I can say that the user's post may indicate symptoms of obsessive-compulsive disorder (OCD) or attention-deficit/hyperactivity disorder (ADHD). The user's inability to stop or be interrupted until they finish a task may suggest a compulsive need to complete tasks, which is a common symptom of OCD. Additionally, the user's intense focus on a particular task may suggest hyperfocus, which is a common symptom of ADHD.\n\nHowever, it is important to note that this post alone is not enough to make a diagnosis. A thorough evaluation by a mental health professional is necessary to determine if the user is experiencing a mental disorder and, if so, which one.\n\nFurthermore, there are no signs of ambiguity or sarcasm in the user's post. It appears to be a straightforward statement about their behavior and experiences. However, it is important to consider the context in which the post was made and any additional information that may be relevant to understanding the user's mental health.\n\nIn conclusion, the user's post may suggest symptoms of OCD or ADHD, but a proper evaluation by a mental health professional is necessary to make a diagnosis. There are no signs of ambiguity or sarcasm in the post, but it is important to consider the context and any additional information that may be relevant to understanding the user's mental health."", None)"
1,1,0,97,21,adhd,This also happens when I talk to people head on.,0,0,0,-1,0,0,0,0,0,0,0,-1,0,0,0,-1,-1,0,0,0,0,-1,0,0,0,0,0,1,0,0,0,0,0,0,0,0,0,0,0.0,train,0,"(""As a psychologist with 20 years of experience in the field of mental disorders, I can say that the user who wrote the post may be experiencing symptoms of social anxiety disorder. Social anxiety disorder is a mental health condition characterized by intense fear, nervousness, and self-consciousness in social situations. People with social anxiety disorder may avoid social situations altogether or endure them with extreme discomfort.\n\nThe user's statement about feeling uncomfortable when talking to people head-on may be a sign of social anxiety disorder. Additionally, the user's use of parentheses to express their thoughts may indicate a tendency towards ambiguity or sarcasm. However, it is important to note that it is difficult to diagnose a mental disorder based on one statement alone. A thorough evaluation by a mental health professional is necessary to determine a diagnosis.\n\nOther possible diagnoses that may be considered include generalized anxiety disorder, depression, or a personality disorder. It is important to note that mental disorders are complex and can present differently in each individual. Therefore, a comprehensive evaluation is necessary to determine the appropriate diagnosis and treatment plan.\n\nIn conclusion, the user's statement may be indicative of social anxiety disorder, but a thorough evaluation is necessary to determine a diagnosis. It is also important to consider the possibility of ambiguity or sarcasm in the user's statement. Seeking the help of a mental health professional can provide the necessary support and guidance for managing mental health concerns."", None)"
2,2,1,23,3,adhd,Now I'm a fucking mess.,0,0,0,0,0,1,0,0,0,0,0,0,0,0,-1,0,0,-1,-1,0,0,0,0,0,0,0,0,0,0,0,0,0,0,0,-1,-1,0,0,0.0,train,0,"('As a psychologist with 20 years of experience in the field of mental disorders, I can say that the statement ""Now I\'m a fucking mess"" is indicative of a potential mental health issue. The use of profanity and the word ""mess"" suggests a feeling of being overwhelmed and out of control. \n\nThere are several possible diagnoses that could be associated with this statement. One possibility is depression, which can cause feelings of hopelessness, helplessness, and worthlessness. Another possibility is anxiety, which can cause excessive worry, fear, and panic. Additionally, post-traumatic stress disorder (PTSD) could be a potential diagnosis if the individual has experienced a traumatic event that is causing distress and disruption in their life. \n\nIt is important to note that the statement could also be a sign of sarcasm or ambiguity. However, it is important to take any statement about mental health seriously and to seek professional help if needed. \n\nIf the individual is experiencing symptoms such as changes in appetite or sleep patterns, loss of interest in activities they once enjoyed, feelings of guilt or shame, or thoughts of self-harm, it is important to seek help from a mental health professional. \n\nOverall, it is important to take any statement about mental health seriously and to seek professional help if needed. Mental health disorders are treatable, and seeking help is the first step towards recovery.', None)"
3,3,1,96,1,adhd,"I was asked if I interrupt a lot, or talk over people.",0,-1,-1,-1,0,0,0,0,0,1,0,-1,-1,0,0,0,-1,0,0,-1,-1,-1,0,0,0,0,0,1,0,0,0,0,0,0,0,0,-1,0,0.0,train,0,"(""As a psychologist with 20 years of experience in the field of mental disorders, I can say that interrupting people or talking over them can be a symptom of various mental disorders. It is important to note that this behavior can also be a result of personality traits or cultural differences. However, if it is a persistent behavior that causes distress to the individual or those around them, it may be indicative of a mental disorder.\n\nOne possible diagnosis for this behavior is Attention Deficit Hyperactivity Disorder (ADHD). People with ADHD often struggle with impulse control and may interrupt others without realizing it. Another possible diagnosis is Narcissistic Personality Disorder (NPD). People with NPD often have an inflated sense of self-importance and may talk over others to assert their dominance in a conversation.\n\nIt is also important to consider the context in which this behavior occurs. If the individual only interrupts in certain situations, such as when they are anxious or stressed, it may be a symptom of Generalized Anxiety Disorder (GAD) or Social Anxiety Disorder (SAD).\n\nRegarding the user's post, there are no signs of ambiguity or sarcasm. It appears to be a genuine question about their behavior. However, it is important to note that self-diagnosis is not recommended. If the individual is concerned about their behavior, they should seek the advice of a mental health professional who can provide a proper diagnosis and treatment plan."", None)"
4,4,1,233,5,adhd,"I'm also bad at interrupting and I'm a bit socially inept (at least I think so, my friends say I'm fine but a little quirky).",0,0,0,-1,0,0,0,0,0,1,0,0,0,-1,0,0,-1,0,0,-1,0,0,0,0,0,0,0,0,0,0,0,0,0,-1,-1,0,-1,-1,0.0,train,0,"('As a psychologist with 20 years of experience in the field of mental disorders, I can say that the symptoms and diagnoses of mental disorders can vary greatly depending on the individual. However, based on the information provided by the user, it is possible that they may be experiencing symptoms of social anxiety disorder or Asperger\'s syndrome.\n\nSocial anxiety disorder is characterized by a persistent fear of social situations and a strong desire to avoid them. Individuals with this disorder may experience physical symptoms such as sweating, trembling, and rapid heartbeat when faced with social situations. They may also have difficulty making eye contact, speaking in public, and initiating conversations.\n\nAsperger\'s syndrome, on the other hand, is a developmental disorder that affects social interaction, communication, and behavior. Individuals with this disorder may have difficulty understanding social cues, making friends, and engaging in small talk. They may also have a narrow range of interests and engage in repetitive behaviors.\n\nIt is important to note that the user\'s friends have described them as ""fine but a little quirky."" This could indicate that the user\'s social difficulties are not severe enough to warrant a diagnosis of a mental disorder. However, if the user is experiencing significant distress or impairment in their daily life, it may be helpful to seek the advice of a mental health professional.\n\nIn terms of ambiguity and sarcasm, it is difficult to determine from the user\'s post whether they are being sarcastic or not. It is important to approach the situation with an open mind and without making assumptions. A thorough evaluation by a mental health professional can help to clarify any potential diagnoses and provide appropriate treatment.', None)"
5,5,1,244,6,adhd,I don't want to sound like an idiot when I talk to people.,1,0,0,0,0,0,0,0,0,0,0,-1,0,0,-1,-1,-1,0,0,0,0,-1,-1,-1,-1,0,-1,0,0,0,-1,0,0,0,0,0,0,0,0.0,train,0,"(""As a psychologist with 20 years of experience in the field of mental disorders, I can say that the user's post suggests that they may be experiencing symptoms of social anxiety disorder. This disorder is characterized by intense fear or anxiety in social situations, which can lead to avoidance or extreme discomfort. The user's fear of sounding like an idiot when talking to people is a common symptom of social anxiety disorder.\n\nOther possible diagnoses could include generalized anxiety disorder or depression. Both of these disorders can cause feelings of inadequacy and low self-esteem, which may contribute to the user's fear of sounding like an idiot. However, without a full assessment, it is difficult to determine the exact diagnosis.\n\nIt is important to note that the user's post does not contain any signs of ambiguity or sarcasm. It appears to be a genuine expression of their concerns and feelings. It is important for individuals experiencing similar symptoms to seek professional help from a mental health provider. Treatment options may include therapy, medication, or a combination of both.\n\nOverall, it is important to recognize that mental disorders are common and treatable. Seeking help is a sign of strength, and with the right support, individuals can learn to manage their symptoms and improve their quality of life."", None)"
6,6,1,501,16,adhd,* Waiting in line is hard.,0,-1,0,-1,0,0,0,0,0,1,0,0,0,0,0,0,-1,-1,0,0,-1,0,0,0,0,0,0,0,0,0,0,0,0,0,-1,0,0,0,0.0,train,0,"('As a psychologist with 20 years of experience in the field of mental disorders, I can say that the user who wrote the post ""Waiting in line is hard"" may be experiencing symptoms of anxiety or attention deficit hyperactivity disorder (ADHD). \n\nAnxiety can manifest in various ways, including difficulty waiting in line or feeling restless in situations that require patience. Individuals with ADHD may also struggle with waiting in line due to their impulsivity and difficulty with sustained attention. \n\nHowever, it is important to note that the statement ""Waiting in line is hard"" could also be interpreted as sarcasm or a joke. Without further context or information, it is difficult to determine the user\'s true intentions. \n\nIn general, it is important to be cautious when interpreting online statements, as they may not accurately reflect an individual\'s mental state or emotions. It is always best to seek professional help if you or someone you know is experiencing symptoms of a mental disorder. \n\nIn conclusion, while the statement ""Waiting in line is hard"" may suggest symptoms of anxiety or ADHD, it is important to consider the possibility of sarcasm or ambiguity. Seeking professional help is always recommended for individuals experiencing mental health concerns.', None)"
7,7,1,634,0,adhd,Does taking away distractions from some one that has ADD distract the person more or less?,0,0,0,-1,0,0,0,0,0,0,1,0,0,0,0,0,-1,0,0,0,0,0,0,0,-1,-1,0,0,0,0,0,-1,0,0,0,0,0,0,1.0,train,0,"(""As a psychologist with 20 years of experience in the field of mental disorders, I can say that the user who wrote the post seems to be struggling with Attention Deficit Disorder (ADD). ADD is a neurodevelopmental disorder that affects a person's ability to focus, pay attention, and control impulsive behaviors. People with ADD often have difficulty completing tasks, organizing their thoughts, and following through on instructions.\n\nThe user's question about whether taking away distractions from someone with ADD would distract them more or less suggests that they may be experiencing difficulty with focus and attention. This is a common symptom of ADD, and it can be exacerbated by environmental factors such as distractions.\n\nIn terms of diagnosis, it is important to note that ADD is now referred to as Attention Deficit Hyperactivity Disorder (ADHD) in the Diagnostic and Statistical Manual of Mental Disorders (DSM-5). This is because many people with ADHD also experience hyperactive and impulsive behaviors in addition to attention difficulties.\n\nIt is also important to consider whether there are any signs of ambiguity or sarcasm in the user's post. While it is difficult to determine tone and intent in written communication, it is possible that the user may be using sarcasm to express frustration with their own struggles with ADD. Alternatively, they may genuinely be seeking information about how to manage distractions in a way that is helpful for someone with ADD.\n\nOverall, it is important for individuals who are experiencing symptoms of ADD or ADHD to seek professional evaluation and treatment. A mental health professional can provide a comprehensive assessment and develop a personalized treatment plan that may include medication, therapy, and lifestyle modifications to help manage symptoms and improve overall functioning."", None)"
8,8,1,921,12,adhd,I applied and now im waiting.,0,0,0,0,0,0,0,0,0,0,0,0,0,0,0,0,0,0,-1,0,0,0,0,0,-1,0,0,0,0,0,-1,0,0,0,0,0,0,0,0.0,train,0,"('As a psychologist with 20 years of experience in the field of mental disorders, I would like to address the possible symptoms and diagnoses of mental disorders regarding the user who wrote the post, ""I applied and now I\'m waiting.""\n\nFirstly, it is important to note that the post does not contain any clear signs of ambiguity or sarcasm. However, it is also important to consider the context in which the post was made. If the user is waiting for a job application response, it is possible that they are experiencing symptoms of anxiety or depression. These symptoms may include feelings of hopelessness, irritability, difficulty sleeping, and loss of interest in activities they once enjoyed.\n\nIf the user\'s waiting period is related to a school application or exam results, they may be experiencing symptoms of test anxiety. These symptoms may include physical symptoms such as sweating, trembling, and rapid heartbeat, as well as cognitive symptoms such as negative self-talk and difficulty concentrating.\n\nIn terms of possible diagnoses, the user may be experiencing symptoms of generalized anxiety disorder, major depressive disorder, or test anxiety disorder. It is important to note that a proper diagnosis can only be made by a licensed mental health professional after a thorough evaluation.\n\nIf the user is experiencing any of these symptoms, it is important for them to seek professional help. Treatment options may include therapy, medication, or a combination of both. With proper treatment, individuals can learn to manage their symptoms and improve their overall quality of life.', None)"
9,9,1,1011,28,adhd,So...wait hold on.,0,0,0,-1,0,0,0,0,0,1,0,0,0,0,0,0,-1,0,0,-1,0,0,0,0,0,0,0,0,0,0,0,0,0,-1,-1,0,0,0,0.0,train,0,"('As a psychologist with 20 years of experience in the field of mental disorders, I have come across various symptoms and diagnoses that are associated with different mental health conditions. Based on the post written by the user, there are a few possible symptoms and diagnoses that come to mind.\n\nFirstly, the user mentions feeling overwhelmed and anxious about their future plans. This could be indicative of an anxiety disorder, such as generalized anxiety disorder or social anxiety disorder. These conditions are characterized by excessive worry and fear about everyday situations, which can interfere with daily functioning.\n\nAdditionally, the user mentions feeling like they are ""failing at life."" This could be a sign of depression, which is characterized by feelings of sadness, hopelessness, and worthlessness. Depression can also cause a lack of motivation and interest in activities that were once enjoyable.\n\nHowever, it is important to note that the user\'s post contains a phrase that could be interpreted as ambiguous or sarcastic. The phrase ""So...wait hold on"" could suggest that the user is not being entirely serious in their post. It is important to consider the context and tone of the post before making any definitive diagnoses.\n\nOverall, it is important for individuals who are experiencing symptoms of mental health conditions to seek professional help. A mental health professional can provide an accurate diagnosis and develop a treatment plan that is tailored to the individual\'s specific needs.', None)"
